Id,Probability
1,0.132
2,0.626
3,0.12
4,0.088
5,0.09
6,0.256
7,0.008
8,0.074
9,0.1
10,0.218
11,0.548
12,0.528
13,0.146
14,0.012
15,0.196
16,0.848
17,0.244
18,0.132
19,0.392
20,0.058
21,0.27
22,0.204
23,0.1
24,0.166
25,0.06
26,0.038
27,0.178
28,0.01
29,0.204
30,0.076
31,0.126
32,0.058
33,0.48
34,0.164
35,0.058
36,0.072
37,0.098
38,0.082
39,0.706
40,0.158
41,0.712
42,0.148
43,0.096
44,0.218
45,0.138
46,0.114
47,0.404
48,0.244
49,0.094
50,0.12
51,0.084
52,0.088
53,0.032
54,0.096
55,0.188
56,0.18
57,0.224
58,0.116
59,0.368
60,0.168
61,0.09
62,0.018
63,0.074
64,0.09
65,0.146
66,0.388
67,0.07
68,0.012
69,0.542
70,0.356
71,0.734
72,0.246
73,0.708
74,0.176
75,0.524
76,0.7
77,0.086
78,0.184
79,0.072
80,0.306
81,0.03
82,0.144
83,0.096
84,0.038
85,0.174
86,0.088
87,0.16
88,0.836
89,0.092
90,0.594
91,0.07
92,0.32
93,0.022
94,0.556
95,0.114
96,0.242
97,0.702
98,0.07
99,0.1
100,0.048
101,0.012
102,0.312
103,0.044
104,0.326
105,0.14
106,0.068
107,0.784
108,0.228
109,0.158
110,0.154
111,0.074
112,0.086
113,0.062
114,0.662
115,0.07
116,0.06
117,0.128
118,0.792
119,0.084
120,0.258
121,0.308
122,0.006
123,0.026
124,0.06
125,0.324
126,0.29
127,0.726
128,0.01
129,0.266
130,0.096
131,0.092
132,0.126
133,0.046
134,0.078
135,0.19
136,0.138
137,0.182
138,0.186
139,0.244
140,0.24
141,0.754
142,0.088
143,0.348
144,0.102
145,0.104
146,0.154
147,0.704
148,0.138
149,0.68
150,0.214
151,0.084
152,0.634
153,0.082
154,0.07
155,0.112
156,0.07
157,0.046
158,0.1
159,0.05
160,0.186
161,0.08
162,0.406
163,0.032
164,0.048
165,0.142
166,0.062
167,0.102
168,0.644
169,0.562
170,0.476
171,0.11
172,0.272
173,0.55
174,0.204
175,0.106
176,0.144
177,0.028
178,0.08
179,0.15
180,0.104
181,0.502
182,0.126
183,0.346
184,0.036
185,0.104
186,0.076
187,0.182
188,0.25
189,0.454
190,0.1
191,0.62
192,0.55
193,0.262
194,0.042
195,0.73
196,0.182
197,0.078
198,0.02
199,0.578
200,0.208
201,0.164
202,0.4
203,0.562
204,0.14
205,0.192
206,0.184
207,0.164
208,0.212
209,0.144
210,0.626
211,0.104
212,0.174
213,0.668
214,0.568
215,0.066
216,0.202
217,0.198
218,0.186
219,0.24
220,0.544
221,0.538
222,0.074
223,0.024
224,0.242
225,0.102
226,0.536
227,0.09
228,0.324
229,0.264
230,0.244
231,0.112
232,0.116
233,0.106
234,0.378
235,0.146
236,0.02
237,0.038
238,0.216
239,0.078
240,0.12
241,0.816
242,0.288
243,0.222
244,0.032
245,0.054
246,0.296
247,0.088
248,0.024
249,0.694
250,0.088
251,0.066
252,0.036
253,0.352
254,0.068
255,0.16
256,0.486
257,0.122
258,0.262
259,0.21
260,0.172
261,0.254
262,0.104
263,0.094
264,0.224
265,0.07
266,0.046
267,0.132
268,0.102
269,0.036
270,0.15
271,0.172
272,0.778
273,0.31
274,0.616
275,0.092
276,0.398
277,0.43
278,0.264
279,0.212
280,0.108
281,0.072
282,0.904
283,0.26
284,0.518
285,0.108
286,0.186
287,0.038
288,0.148
289,0.32
290,0.094
291,0.206
292,0.138
293,0.15
294,0.142
295,0.172
296,0.076
297,0.036
298,0.022
299,0.776
300,0.154
301,0.222
302,0.1
303,0.164
304,0.464
305,0.156
306,0.03
307,0.198
308,0.294
309,0.422
310,0.332
311,0.138
312,0.144
313,0.358
314,0.884
315,0.046
316,0.41
317,0.712
318,0.22
319,0.034
320,0.472
321,0.554
322,0.22
323,0.036
324,0.272
325,0.05
326,0.384
327,0.078
328,0.81
329,0.26
330,0.556
331,0.32
332,0.78
333,0.266
334,0.3
335,0.456
336,0.016
337,0.712
338,0.16
339,0.66
340,0.302
341,0.098
342,0.042
343,0.112
344,0.102
345,0.1
346,0.186
347,0.686
348,0.762
349,0.664
350,0.044
351,0.084
352,0.09
353,0.14
354,0.072
355,0.106
356,0.34
357,0.02
358,0.238
359,0.07
360,0.25
361,0.15
362,0.362
363,0.412
364,0.04
365,0.214
366,0.056
367,0.066
368,0.078
369,0.154
370,0.084
371,0.038
372,0.032
373,0.152
374,0.184
375,0.602
376,0.116
377,0.138
378,0.036
379,0.058
380,0.118
381,0.086
382,0.13
383,0.222
384,0.52
385,0.148
386,0.062
387,0.104
388,0.16
389,0.062
390,0.762
391,0.092
392,0.056
393,0.174
394,0.864
395,0.038
396,0.208
397,0.048
398,0.244
399,0.098
400,0.212
401,0.302
402,0.784
403,0.112
404,0.052
405,0.804
406,0.356
407,0.084
408,0.568
409,0.818
410,0.118
411,0.432
412,0.128
413,0
414,0.148
415,0.122
416,0.172
417,0.034
418,0.174
419,0.384
420,0.926
421,0.442
422,0.118
423,0.316
424,0.356
425,0.76
426,0.106
427,0.256
428,0.634
429,0.334
430,0.132
431,0.18
432,0.004
433,0.168
434,0.044
435,0.156
436,0.176
437,0.184
438,0.294
439,0.464
440,0.104
441,0.19
442,0.138
443,0.69
444,0.296
445,0.128
446,0.064
447,0.106
448,0.018
449,0.098
450,0.08
451,0.142
452,0.12
453,0.138
454,0.138
455,0.024
456,0.778
457,0.504
458,0.144
459,0.104
460,0.144
461,0.044
462,0.048
463,0.124
464,0.73
465,0.062
466,0.044
467,0.35
468,0.462
469,0.21
470,0.556
471,0.016
472,0.34
473,0.088
474,0.108
475,0.18
476,0.038
477,0.19
478,0.406
479,0.184
480,0.054
481,0.138
482,0.36
483,0.11
484,0.094
485,0.106
486,0.428
487,0.326
488,0.554
489,0.07
490,0.026
491,0.112
492,0.1
493,0.218
494,0.028
495,0.266
496,0.134
497,0.392
498,0.07
499,0.07
500,0.122
501,0.018
502,0.276
503,0.228
504,0.04
505,0.71
506,0.676
507,0.104
508,0.054
509,0.066
510,0.158
511,0.092
512,0.684
513,0.73
514,0.004
515,0.326
516,0.422
517,0.52
518,0.164
519,0.02
520,0.166
521,0.186
522,0.02
523,0.104
524,0.076
525,0.2
526,0.398
527,0.144
528,0.176
529,0.36
530,0.158
531,0.236
532,0.128
533,0.122
534,0.366
535,0.174
536,0.096
537,0.032
538,0.09
539,0.942
540,0.02
541,0.084
542,0.152
543,0.062
544,0.748
545,0.248
546,0.612
547,0.072
548,0.05
549,0.05
550,0.268
551,0.08
552,0.074
553,0.196
554,0.032
555,0.042
556,0.118
557,0.168
558,0.198
559,0.024
560,0.104
561,0.008
562,0.212
563,0.76
564,0.122
565,0.156
566,0.224
567,0.308
568,0.144
569,0.086
570,0.036
571,0.642
572,0.07
573,0.054
574,0.24
575,0.158
576,0.342
577,0.75
578,0.22
579,0.138
580,0.336
581,0.11
582,0.408
583,0.364
584,0.022
585,0.328
586,0.622
587,0.162
588,0.12
589,0.034
590,0.182
591,0.006
592,0.154
593,0.268
594,0.162
595,0.044
596,0.292
597,0.614
598,0.034
599,0.118
600,0.706
601,0.17
602,0.35
603,0.704
604,0.042
605,0.09
606,0.152
607,0.292
608,0.664
609,0.674
610,0.12
611,0.212
612,0.672
613,0.4
614,0.716
615,0.226
616,0.07
617,0.28
618,0.668
619,0.16
620,0.068
621,0.312
622,0.206
623,0.552
624,0.366
625,0.24
626,0.328
627,0.18
628,0.268
629,0.158
630,0.012
631,0.236
632,0.518
633,0.158
634,0.09
635,0.502
636,0.114
637,0.088
638,0.68
639,0.648
640,0.178
641,0.338
642,0.15
643,0.21
644,0.076
645,0.188
646,0.108
647,0.224
648,0.634
649,0.124
650,0.08
651,0.024
652,0.184
653,0.78
654,0.218
655,0.22
656,0.022
657,0.054
658,0.082
659,0.092
660,0.176
661,0.194
662,0.192
663,0.208
664,0.096
665,0.104
666,0.154
667,0.134
668,0.09
669,0.612
670,0.414
671,0.73
672,0.098
673,0.284
674,0.1
675,0.148
676,0.01
677,0.3
678,0.014
679,0.082
680,0.314
681,0.768
682,0.386
683,0.138
684,0.106
685,0.148
686,0.18
687,0.242
688,0.238
689,0.176
690,0.094
691,0.014
692,0.364
693,0.578
694,0.048
695,0.584
696,0.17
697,0.154
698,0.13
699,0.364
700,0.08
701,0.18
702,0.206
703,0.156
704,0.24
705,0.164
706,0.15
707,0.762
708,0.152
709,0.212
710,0.358
711,0.094
712,0.178
713,0.122
714,0.112
715,0.09
716,0.246
717,0.372
718,0.486
719,0.222
720,0.148
721,0.198
722,0.654
723,0.116
724,0.81
725,0.154
726,0.126
727,0.168
728,0.136
729,0.306
730,0.124
731,0.436
732,0.006
733,0.206
734,0.154
735,0.146
736,0.732
737,0.168
738,0.236
739,0.23
740,0.04
741,0.096
742,0.15
743,0.05
744,0.084
745,0.098
746,0.126
747,0.288
748,0.078
749,0.704
750,0.464
751,0.206
752,0.042
753,0.022
754,0.154
755,0.3
756,0.224
757,0.088
758,0.256
759,0.13
760,0.068
761,0.02
762,0.424
763,0.042
764,0.196
765,0.21
766,0.064
767,0.57
768,0.108
769,0.3
770,0.74
771,0.12
772,0.21
773,0.274
774,0.09
775,0.688
776,0.198
777,0.05
778,0.248
779,0.19
780,0.43
781,0.616
782,0.188
783,0.242
784,0.122
785,0.5
786,0.208
787,0.158
788,0.15
789,0.296
790,0.014
791,0.57
792,0.488
793,0.158
794,0.236
795,0.074
796,0.422
797,0.824
798,0.352
799,0.256
800,0.106
801,0.018
802,0.734
803,0.266
804,0.866
805,0.088
806,0.158
807,0.074
808,0.162
809,0.234
810,0.142
811,0.14
812,0.038
813,0.55
814,0.112
815,0.382
816,0.196
817,0.158
818,0.176
819,0.08
820,0.078
821,0.08
822,0.13
823,0.214
824,0.848
825,0.054
826,0.05
827,0.616
828,0.13
829,0.016
830,0.636
831,0.038
832,0.646
833,0.07
834,0.086
835,0.04
836,0.076
837,0.074
838,0.466
839,0.684
840,0.162
841,0.14
842,0.068
843,0.312
844,0.08
845,0.116
846,0.21
847,0.288
848,0.132
849,0.05
850,0.06
851,0.336
852,0.326
853,0.356
854,0.442
855,0.516
856,0.342
857,0.034
858,0.156
859,0.28
860,0.068
861,0.728
862,0.114
863,0.064
864,0.152
865,0.16
866,0.206
867,0.09
868,0.12
869,0.304
870,0.032
871,0.866
872,0.144
873,0.054
874,0.034
875,0.13
876,0.094
877,0.12
878,0.14
879,0.086
880,0.134
881,0.042
882,0.446
883,0.108
884,0.152
885,0.518
886,0.124
887,0.014
888,0.404
889,0.198
890,0.162
891,0.408
892,0.042
893,0.126
894,0.026
895,0.058
896,0.038
897,0.058
898,0.106
899,0.13
900,0.542
901,0.054
902,0.134
903,0.42
904,0.056
905,0.436
906,0.352
907,0.202
908,0.198
909,0.042
910,0.212
911,0.05
912,0.212
913,0.136
914,0.932
915,0.058
916,0.034
917,0.368
918,0.1
919,0.65
920,0.04
921,0.036
922,0.582
923,0.096
924,0.068
925,0.062
926,0.206
927,0.166
928,0.248
929,0.252
930,0.07
931,0.126
932,0.274
933,0.098
934,0.154
935,0.434
936,0.11
937,0.684
938,0.106
939,0.2
940,0.342
941,0.112
942,0.854
943,0.086
944,0.628
945,0.26
946,0.218
947,0.232
948,0.158
949,0.136
950,0.258
951,0.352
952,0.332
953,0.106
954,0.166
955,0.258
956,0.202
957,0.174
958,0.258
959,0.272
960,0.792
961,0.14
962,0.484
963,0.234
964,0.292
965,0.67
966,0.136
967,0.254
968,0.202
969,0.564
970,0.054
971,0.07
972,0.322
973,0.072
974,0.278
975,0.064
976,0.122
977,0.1
978,0.114
979,0.172
980,0.14
981,0.406
982,0.154
983,0.046
984,0.198
985,0.106
986,0.148
987,0.174
988,0.152
989,0.296
990,0.498
991,0.55
992,0.176
993,0.1
994,0.028
995,0.144
996,0.142
997,0.326
998,0.118
999,0.742
1000,0.646
1001,0.086
1002,0.008
1003,0.124
1004,0.42
1005,0.056
1006,0.196
1007,0.166
1008,0.202
1009,0.234
1010,0.056
1011,0.046
1012,0.716
1013,0.072
1014,0.104
1015,0.064
1016,0.096
1017,0.19
1018,0.046
1019,0.168
1020,0.088
1021,0.178
1022,0.308
1023,0.324
1024,0.214
1025,0.076
1026,0.184
1027,0.398
1028,0.12
1029,0.14
1030,0.356
1031,0.122
1032,0.688
1033,0.118
1034,0.752
1035,0.276
1036,0.016
1037,0.248
1038,0.086
1039,0.062
1040,0.142
1041,0.148
1042,0.36
1043,0.12
1044,0.134
1045,0.158
1046,0.05
1047,0.778
1048,0.134
1049,0.12
1050,0.752
1051,0.33
1052,0.06
1053,0.31
1054,0.714
1055,0.128
1056,0.108
1057,0.406
1058,0.318
1059,0.046
1060,0.13
1061,0.138
1062,0.588
1063,0.748
1064,0.236
1065,0.322
1066,0.202
1067,0.13
1068,0.792
1069,0.006
1070,0.326
1071,0.024
1072,0.444
1073,0.112
1074,0.106
1075,0.114
1076,0.538
1077,0.114
1078,0.108
1079,0.314
1080,0.502
1081,0.176
1082,0.1
1083,0.178
1084,0.594
1085,0.264
1086,0.312
1087,0.02
1088,0.052
1089,0.736
1090,0.01
1091,0.236
1092,0.18
1093,0.114
1094,0.304
1095,0.132
1096,0.178
1097,0.696
1098,0.046
1099,0.262
1100,0.808
1101,0.088
1102,0.084
1103,0.026
1104,0.218
1105,0.062
1106,0.086
1107,0.084
1108,0.104
1109,0.112
1110,0.132
1111,0.17
1112,0.912
1113,0.338
1114,0.104
1115,0.154
1116,0.18
1117,0.02
1118,0.136
1119,0.096
1120,0.014
1121,0.6
1122,0.288
1123,0.098
1124,0.154
1125,0.082
1126,0.05
1127,0.312
1128,0.564
1129,0.666
1130,0.452
1131,0.128
1132,0.032
1133,0.47
1134,0.076
1135,0.23
1136,0.364
1137,0.67
1138,0.054
1139,0.148
1140,0.484
1141,0.168
1142,0.03
1143,0.09
1144,0.164
1145,0.25
1146,0.166
1147,0.198
1148,0.54
1149,0.39
1150,0.72
1151,0.42
1152,0.188
1153,0.202
1154,0.666
1155,0.354
1156,0.416
1157,0.35
1158,0.108
1159,0.462
1160,0.148
1161,0.172
1162,0.128
1163,0.728
1164,0.084
1165,0.064
1166,0.17
1167,0.674
1168,0.158
1169,0.08
1170,0.324
1171,0.078
1172,0.124
1173,0.048
1174,0.14
1175,0.676
1176,0.2
1177,0.092
1178,0.364
1179,0.122
1180,0.19
1181,0.026
1182,0.126
1183,0.072
1184,0.07
1185,0.114
1186,0.132
1187,0.326
1188,0.81
1189,0.298
1190,0.522
1191,0.68
1192,0.134
1193,0.146
1194,0.146
1195,0.184
1196,0.062
1197,0.052
1198,0.174
1199,0.614
1200,0.092
1201,0.504
1202,0.158
1203,0.092
1204,0.094
1205,0.264
1206,0.182
1207,0.116
1208,0.588
1209,0.096
1210,0.176
1211,0.18
1212,0.208
1213,0.026
1214,0.052
1215,0.09
1216,0.044
1217,0.334
1218,0.126
1219,0.416
1220,0.176
1221,0.052
1222,0.618
1223,0.692
1224,0.334
1225,0.064
1226,0.11
1227,0.226
1228,0.224
1229,0.156
1230,0.32
1231,0.018
1232,0.06
1233,0.398
1234,0.08
1235,0.64
1236,0.13
1237,0.618
1238,0.268
1239,0.112
1240,0.486
1241,0.636
1242,0.062
1243,0.686
1244,0.1
1245,0.032
1246,0.18
1247,0.132
1248,0.206
1249,0.328
1250,0.14
1251,0.29
1252,0.136
1253,0.688
1254,0.188
1255,0.208
1256,0.094
1257,0.688
1258,0.178
1259,0.552
1260,0.052
1261,0.286
1262,0.586
1263,0.17
1264,0.144
1265,0.266
1266,0.068
1267,0.136
1268,0.076
1269,0.118
1270,0.2
1271,0.258
1272,0.184
1273,0.032
1274,0.418
1275,0.238
1276,0.186
1277,0.104
1278,0.272
1279,0.356
1280,0.268
1281,0.068
1282,0.274
1283,0.118
1284,0.028
1285,0.044
1286,0.204
1287,0.172
1288,0.494
1289,0.452
1290,0.71
1291,0.558
1292,0.094
1293,0.154
1294,0.178
1295,0.558
1296,0.132
1297,0.138
1298,0.226
1299,0.098
1300,0.174
1301,0.216
1302,0.066
1303,0.128
1304,0.266
1305,0.096
1306,0.094
1307,0.028
1308,0.176
1309,0.096
1310,0.114
1311,0.184
1312,0.686
1313,0.334
1314,0.042
1315,0.026
1316,0.58
1317,0.018
1318,0.076
1319,0.17
1320,0.132
1321,0.076
1322,0.78
1323,0.722
1324,0.056
1325,0.016
1326,0.158
1327,0.174
1328,0.22
1329,0.622
1330,0.358
1331,0.15
1332,0.068
1333,0.026
1334,0.22
1335,0.012
1336,0.15
1337,0.078
1338,0.312
1339,0.022
1340,0.606
1341,0.256
1342,0.158
1343,0.552
1344,0.128
1345,0.114
1346,0.072
1347,0.044
1348,0.084
1349,0.818
1350,0.596
1351,0.488
1352,0.074
1353,0.212
1354,0.206
1355,0.238
1356,0.308
1357,0.142
1358,0.182
1359,0.066
1360,0.134
1361,0.276
1362,0.19
1363,0.176
1364,0.118
1365,0.158
1366,0.218
1367,0.072
1368,0.386
1369,0.256
1370,0.178
1371,0.114
1372,0.016
1373,0.112
1374,0.016
1375,0.666
1376,0.234
1377,0.618
1378,0.11
1379,0.744
1380,0.336
1381,0.15
1382,0.08
1383,0.154
1384,0.058
1385,0.042
1386,0.094
1387,0.684
1388,0.028
1389,0.49
1390,0.668
1391,0.198
1392,0.186
1393,0.138
1394,0.11
1395,0.06
1396,0.812
1397,0.222
1398,0.058
1399,0.164
1400,0.142
1401,0.666
1402,0.168
1403,0.18
1404,0.126
1405,0.584
1406,0.734
1407,0.216
1408,0.216
1409,0.13
1410,0.23
1411,0.142
1412,0.728
1413,0.11
1414,0.07
1415,0.844
1416,0.044
1417,0.156
1418,0.292
1419,0.33
1420,0.15
1421,0.16
1422,0.378
1423,0.402
1424,0.086
1425,0.27
1426,0.6
1427,0.06
1428,0.292
1429,0.128
1430,0.148
1431,0.31
1432,0.208
1433,0.082
1434,0.24
1435,0.04
1436,0.142
1437,0.222
1438,0.554
1439,0.302
1440,0.682
1441,0.086
1442,0.104
1443,0.118
1444,0.192
1445,0.096
1446,0.122
1447,0.796
1448,0.086
1449,0.086
1450,0.906
1451,0.348
1452,0.038
1453,0.494
1454,0.108
1455,0.12
1456,0.172
1457,0.18
1458,0.214
1459,0.668
1460,0.206
1461,0.652
1462,0.18
1463,0.294
1464,0.21
1465,0.302
1466,0.098
1467,0.562
1468,0.202
1469,0.468
1470,0.078
1471,0.67
1472,0.096
1473,0.014
1474,0.148
1475,0.112
1476,0.198
1477,0.036
1478,0.098
1479,0.262
1480,0.176
1481,0.312
1482,0.698
1483,0.478
1484,0.438
1485,0.668
1486,0.092
1487,0.188
1488,0.392
1489,0.166
1490,0.61
1491,0.226
1492,0.056
1493,0.144
1494,0.128
1495,0.346
1496,0.362
1497,0.404
1498,0.28
1499,0.022
1500,0.092
1501,0.392
1502,0.032
1503,0.126
1504,0.088
1505,0.316
1506,0.162
1507,0.042
1508,0.57
1509,0.174
1510,0.326
1511,0.14
1512,0.572
1513,0.036
1514,0.104
1515,0.216
1516,0.002
1517,0.498
1518,0.394
1519,0.106
1520,0.074
1521,0.124
1522,0.478
1523,0.186
1524,0.15
1525,0.214
1526,0.654
1527,0.154
1528,0.7
1529,0.044
1530,0.158
1531,0.228
1532,0.098
1533,0.574
1534,0.32
1535,0.028
1536,0.032
1537,0.216
1538,0.652
1539,0.26
1540,0.242
1541,0.432
1542,0.202
1543,0.646
1544,0.024
1545,0.714
1546,0.2
1547,0.084
1548,0.08
1549,0.7
1550,0.062
1551,0.292
1552,0.246
1553,0.026
1554,0.546
1555,0.026
1556,0.118
1557,0.2
1558,0.114
1559,0.144
1560,0.022
1561,0.16
1562,0.184
1563,0.152
1564,0.21
1565,0.772
1566,0.498
1567,0.272
1568,0.804
1569,0.166
1570,0.132
1571,0.426
1572,0.066
1573,0.22
1574,0.214
1575,0.056
1576,0.248
1577,0.128
1578,0.142
1579,0.05
1580,0.024
1581,0.126
1582,0.192
1583,0.136
1584,0.092
1585,0.156
1586,0.244
1587,0.7
1588,0.14
1589,0.062
1590,0.142
1591,0.082
1592,0.552
1593,0.07
1594,0.304
1595,0.036
1596,0.142
1597,0.018
1598,0.092
1599,0.314
1600,0.048
1601,0.042
1602,0.164
1603,0.034
1604,0.402
1605,0.106
1606,0.016
1607,0.224
1608,0.75
1609,0.804
1610,0.09
1611,0.172
1612,0.12
1613,0.276
1614,0.066
1615,0.31
1616,0.148
1617,0.166
1618,0.126
1619,0.026
1620,0.022
1621,0.08
1622,0.2
1623,0.306
1624,0.082
1625,0.806
1626,0.728
1627,0.188
1628,0.176
1629,0.372
1630,0.054
1631,0.022
1632,0.148
1633,0.662
1634,0.52
1635,0.734
1636,0.192
1637,0.118
1638,0.11
1639,0.086
1640,0.09
1641,0.154
1642,0.038
1643,0.06
1644,0.04
1645,0.102
1646,0.284
1647,0.058
1648,0.642
1649,0.344
1650,0.672
1651,0.348
1652,0.318
1653,0.152
1654,0.236
1655,0.25
1656,0.642
1657,0.266
1658,0.644
1659,0.43
1660,0.296
1661,0.91
1662,0.216
1663,0.034
1664,0.274
1665,0.066
1666,0.106
1667,0.67
1668,0.454
1669,0.142
1670,0.032
1671,0.206
1672,0.298
1673,0.144
1674,0.198
1675,0.096
1676,0.11
1677,0.702
1678,0.192
1679,0.138
1680,0.134
1681,0.08
1682,0.622
1683,0.048
1684,0.428
1685,0.698
1686,0.756
1687,0.654
1688,0.088
1689,0.784
1690,0.074
1691,0.064
1692,0.328
1693,0.188
1694,0.04
1695,0.132
1696,0.222
1697,0.038
1698,0.752
1699,0.152
1700,0.094
1701,0.14
1702,0.742
1703,0.568
1704,0.188
1705,0.606
1706,0.136
1707,0.198
1708,0.262
1709,0.104
1710,0.056
1711,0.068
1712,0.096
1713,0.564
1714,0.102
1715,0.1
1716,0.31
1717,0.676
1718,0.204
1719,0.174
1720,0.124
1721,0.29
1722,0.35
1723,0.172
1724,0.034
1725,0.294
1726,0.562
1727,0.256
1728,0.06
1729,0.078
1730,0.116
1731,0.07
1732,0.094
1733,0.098
1734,0.27
1735,0.084
1736,0.028
1737,0.154
1738,0.326
1739,0.084
1740,0.038
1741,0.152
1742,0.152
1743,0.19
1744,0.28
1745,0.754
1746,0.14
1747,0.622
1748,0.346
1749,0.252
1750,0.044
1751,0.13
1752,0.016
1753,0.058
1754,0.07
1755,0.522
1756,0.136
1757,0.174
1758,0.202
1759,0.698
1760,0.238
1761,0.21
1762,0.21
1763,0.114
1764,0.09
1765,0.318
1766,0.364
1767,0.128
1768,0.026
1769,0.432
1770,0.622
1771,0.574
1772,0.126
1773,0.192
1774,0.162
1775,0.636
1776,0.652
1777,0.12
1778,0.386
1779,0.208
1780,0.088
1781,0.136
1782,0.322
1783,0.086
1784,0.08
1785,0.104
1786,0.578
1787,0.034
1788,0.176
1789,0.472
1790,0.014
1791,0.082
1792,0.152
1793,0.022
1794,0.116
1795,0.248
1796,0.244
1797,0.118
1798,0.052
1799,0.336
1800,0.192
1801,0.206
1802,0.024
1803,0.694
1804,0.312
1805,0.05
1806,0.072
1807,0.058
1808,0.238
1809,0.502
1810,0.202
1811,0.202
1812,0.082
1813,0.246
1814,0.288
1815,0.126
1816,0.06
1817,0.216
1818,0.174
1819,0.182
1820,0.064
1821,0.302
1822,0.2
1823,0.504
1824,0.036
1825,0.63
1826,0.248
1827,0.186
1828,0.098
1829,0.154
1830,0.172
1831,0.198
1832,0.068
1833,0.352
1834,0.49
1835,0.244
1836,0.796
1837,0.166
1838,0.02
1839,0.626
1840,0.188
1841,0.2
1842,0.094
1843,0.08
1844,0.166
1845,0.104
1846,0.142
1847,0.102
1848,0.028
1849,0.032
1850,0.066
1851,0.452
1852,0.192
1853,0.37
1854,0.162
1855,0.544
1856,0.21
1857,0.142
1858,0.116
1859,0.358
1860,0.502
1861,0.238
1862,0.27
1863,0.152
1864,0.056
1865,0.216
1866,0.238
1867,0.256
1868,0.142
1869,0.084
1870,0.296
1871,0.122
1872,0.202
1873,0.112
1874,0.114
1875,0.54
1876,0.216
1877,0.04
1878,0.736
1879,0.168
1880,0.256
1881,0.344
1882,0.344
1883,0.06
1884,0.216
1885,0.086
1886,0.23
1887,0.324
1888,0.032
1889,0.108
1890,0.5
1891,0.668
1892,0.078
1893,0.358
1894,0.286
1895,0.036
1896,0.212
1897,0.19
1898,0.124
1899,0.142
1900,0.168
1901,0.18
1902,0.086
1903,0.26
1904,0.134
1905,0.062
1906,0.202
1907,0.036
1908,0.162
1909,0.222
1910,0.196
1911,0.022
1912,0.526
1913,0.054
1914,0.246
1915,0.122
1916,0.592
1917,0.118
1918,0.462
1919,0.08
1920,0.174
1921,0.32
1922,0.178
1923,0.306
1924,0.08
1925,0.746
1926,0.068
1927,0.12
1928,0.282
1929,0.202
1930,0.124
1931,0.118
1932,0.03
1933,0.334
1934,0.046
1935,0.822
1936,0.128
1937,0.068
1938,0.108
1939,0.168
1940,0.206
1941,0.232
1942,0.94
1943,0.12
1944,0.016
1945,0.216
1946,0.806
1947,0.026
1948,0.286
1949,0.142
1950,0.778
1951,0.116
1952,0.6
1953,0.036
1954,0.36
1955,0.048
1956,0.158
1957,0.182
1958,0.04
1959,0.066
1960,0.024
1961,0.286
1962,0.112
1963,0.202
1964,0.082
1965,0.526
1966,0.652
1967,0.148
1968,0.158
1969,0.216
1970,0.118
1971,0.412
1972,0.056
1973,0.092
1974,0.286
1975,0.166
1976,0.574
1977,0.07
1978,0.414
1979,0.112
1980,0.026
1981,0.148
1982,0.508
1983,0.244
1984,0.174
1985,0.218
1986,0.376
1987,0.226
1988,0.172
1989,0.69
1990,0.386
1991,0.018
1992,0.214
1993,0.18
1994,0.738
1995,0.194
1996,0.188
1997,0.212
1998,0.108
1999,0.228
2000,0.33
2001,0.104
2002,0.174
2003,0.558
2004,0.216
2005,0.154
2006,0.246
2007,0.448
2008,0.05
2009,0.1
2010,0.442
2011,0.092
2012,0.164
2013,0.196
2014,0.266
2015,0.126
2016,0.476
2017,0.158
2018,0.206
2019,0.196
2020,0.344
2021,0.742
2022,0.076
2023,0.168
2024,0.036
2025,0.652
2026,0.694
2027,0.192
2028,0.672
2029,0.278
2030,0.73
2031,0.108
2032,0.158
2033,0.422
2034,0.256
2035,0.002
2036,0.082
2037,0.2
2038,0.576
2039,0.59
2040,0.048
2041,0.052
2042,0.282
2043,0.028
2044,0.24
2045,0.202
2046,0.028
2047,0.09
2048,0.072
2049,0.142
2050,0.2
2051,0.222
2052,0.178
2053,0.288
2054,0.062
2055,0.206
2056,0.196
2057,0.25
2058,0.146
2059,0.108
2060,0.196
2061,0.108
2062,0.052
2063,0.144
2064,0.074
2065,0.198
2066,0.16
2067,0.062
2068,0.126
2069,0.188
2070,0.09
2071,0.084
2072,0.212
2073,0.09
2074,0.222
2075,0.054
2076,0.028
2077,0.28
2078,0.208
2079,0.056
2080,0.054
2081,0.198
2082,0.076
2083,0.222
2084,0.172
2085,0.142
2086,0.024
2087,0.796
2088,0.442
2089,0.134
2090,0.138
2091,0.072
2092,0.07
2093,0.374
2094,0.378
2095,0.064
2096,0.146
2097,0.062
2098,0.264
2099,0.324
2100,0.048
2101,0.322
2102,0.524
2103,0.68
2104,0.156
2105,0.596
2106,0.198
2107,0.172
2108,0.604
2109,0.086
2110,0.278
2111,0.124
2112,0.104
2113,0.804
2114,0.808
2115,0.176
2116,0.03
2117,0.15
2118,0.126
2119,0.608
2120,0.034
2121,0.67
2122,0.126
2123,0.092
2124,0.4
2125,0.238
2126,0.764
2127,0.33
2128,0.084
2129,0.014
2130,0.1
2131,0.514
2132,0.402
2133,0.114
2134,0.144
2135,0.174
2136,0.142
2137,0.162
2138,0.27
2139,0.058
2140,0.274
2141,0.148
2142,0.146
2143,0.018
2144,0.182
2145,0.032
2146,0.088
2147,0.142
2148,0.122
2149,0.104
2150,0.144
2151,0.108
2152,0.04
2153,0.228
2154,0.076
2155,0.08
2156,0.102
2157,0.166
2158,0.13
2159,0.108
2160,0.198
2161,0.03
2162,0.758
2163,0.29
2164,0.094
2165,0.788
2166,0.22
2167,0.126
2168,0.32
2169,0.238
2170,0.06
2171,0.39
2172,0.052
2173,0.188
2174,0.124
2175,0.324
2176,0.246
2177,0.738
2178,0.036
2179,0.046
2180,0.098
2181,0.714
2182,0.438
2183,0.15
2184,0.202
2185,0.252
2186,0.24
2187,0.106
2188,0.082
2189,0.05
2190,0.172
2191,0.54
2192,0.08
2193,0.72
2194,0.276
2195,0.06
2196,0.462
2197,0.748
2198,0.348
2199,0.08
2200,0.146
2201,0.608
2202,0.158
2203,0.072
2204,0.354
2205,0.048
2206,0.132
2207,0.096
2208,0.232
2209,0.068
2210,0.228
2211,0.088
2212,0.128
2213,0.122
2214,0.076
2215,0.416
2216,0.1
2217,0.146
2218,0.094
2219,0.114
2220,0.056
2221,0.072
2222,0.57
2223,0.336
2224,0.178
2225,0.246
2226,0.162
2227,0.082
2228,0.254
2229,0.09
2230,0.396
2231,0.088
2232,0.02
2233,0.114
2234,0.066
2235,0.18
2236,0.108
2237,0.898
2238,0.198
2239,0.358
2240,0.076
2241,0.316
2242,0.216
2243,0.042
2244,0.252
2245,0.16
2246,0.238
2247,0.194
2248,0.088
2249,0.046
2250,0.174
2251,0.178
2252,0.04
2253,0.032
2254,0.108
2255,0.328
2256,0.612
2257,0.494
2258,0.79
2259,0.048
2260,0.034
2261,0.116
2262,0.228
2263,0.09
2264,0.746
2265,0.24
2266,0.026
2267,0.558
2268,0.112
2269,0.042
2270,0.148
2271,0.56
2272,0.1
2273,0.276
2274,0.262
2275,0.044
2276,0.156
2277,0.076
2278,0.092
2279,0.108
2280,0.378
2281,0.046
2282,0.032
2283,0.688
2284,0.114
2285,0.692
2286,0.742
2287,0.158
2288,0.328
2289,0.138
2290,0.336
2291,0.1
2292,0.188
2293,0.65
2294,0.266
2295,0.634
2296,0.22
2297,0.15
2298,0.816
2299,0.466
2300,0.214
2301,0.102
2302,0.238
2303,0.45
2304,0.304
2305,0.508
2306,0.27
2307,0.126
2308,0.154
2309,0.432
2310,0.144
2311,0.146
2312,0.092
2313,0.394
2314,0.026
2315,0.144
2316,0.052
2317,0.144
2318,0.09
2319,0.188
2320,0.276
2321,0.232
2322,0.268
2323,0.078
2324,0.238
2325,0.072
2326,0.53
2327,0.194
2328,0.1
2329,0.428
2330,0.756
2331,0.772
2332,0.062
2333,0.116
2334,0.686
2335,0.456
2336,0.07
2337,0.054
2338,0.008
2339,0.054
2340,0.142
2341,0.12
2342,0.73
2343,0.114
2344,0.108
2345,0.278
2346,0.078
2347,0.664
2348,0.026
2349,0.306
2350,0.17
2351,0.192
2352,0.104
2353,0.626
2354,0.112
2355,0.206
2356,0.15
2357,0.094
2358,0.334
2359,0.066
2360,0.304
2361,0.218
2362,0.056
2363,0.136
2364,0.038
2365,0.204
2366,0.104
2367,0.096
2368,0.032
2369,0.812
2370,0.292
2371,0.034
2372,0.008
2373,0.494
2374,0.292
2375,0.578
2376,0.222
2377,0.094
2378,0.026
2379,0.546
2380,0.14
2381,0.032
2382,0.18
2383,0.24
2384,0.04
2385,0.516
2386,0.362
2387,0.256
2388,0.12
2389,0.202
2390,0.628
2391,0.236
2392,0.776
2393,0.178
2394,0.192
2395,0.03
2396,0.22
2397,0.236
2398,0.156
2399,0.152
2400,0.134
2401,0.23
2402,0.57
2403,0.08
2404,0.72
2405,0.282
2406,0.078
2407,0.324
2408,0.836
2409,0.158
2410,0.17
2411,0.09
2412,0.528
2413,0.404
2414,0.014
2415,0.09
2416,0.286
2417,0.402
2418,0.13
2419,0.388
2420,0.218
2421,0.456
2422,0.088
2423,0.028
2424,0.19
2425,0.1
2426,0.128
2427,0.25
2428,0.148
2429,0.236
2430,0.732
2431,0.322
2432,0.032
2433,0.528
2434,0.044
2435,0.146
2436,0.22
2437,0.112
2438,0.05
2439,0.456
2440,0.076
2441,0.124
2442,0.172
2443,0.358
2444,0.166
2445,0.42
2446,0.11
2447,0.244
2448,0.064
2449,0.104
2450,0.286
2451,0.216
2452,0.344
2453,0.004
2454,0.16
2455,0.698
2456,0.016
2457,0.076
2458,0.128
2459,0.77
2460,0.026
2461,0.342
2462,0.084
2463,0.288
2464,0.124
2465,0.384
2466,0.328
2467,0.31
2468,0.774
2469,0.074
2470,0.142
2471,0.134
2472,0.118
2473,0.22
2474,0.076
2475,0.162
2476,0.882
2477,0.206
2478,0.03
2479,0.224
2480,0.038
2481,0.246
2482,0.174
2483,0.134
2484,0.13
2485,0.224
2486,0.172
2487,0.272
2488,0.16
2489,0.254
2490,0.082
2491,0.38
2492,0.166
2493,0.162
2494,0.216
2495,0.188
2496,0.104
2497,0.428
2498,0.106
2499,0.03
2500,0.196
2501,0.112
2502,0.72
2503,0.16
2504,0.06
2505,0.414
2506,0.128
2507,0.092
2508,0.15
2509,0.18
2510,0.82
2511,0.176
2512,0.02
2513,0.21
2514,0.09
2515,0.054
2516,0.076
2517,0.09
2518,0.238
2519,0.094
2520,0.452
2521,0.072
2522,0.154
2523,0.132
2524,0.136
2525,0.06
2526,0.24
2527,0.04
2528,0.116
2529,0.162
2530,0.16
2531,0.028
2532,0.338
2533,0.104
2534,0.232
2535,0.486
2536,0.062
2537,0.768
2538,0.722
2539,0.064
2540,0.188
2541,0.028
2542,0.284
2543,0.234
2544,0.006
2545,0.078
2546,0.106
2547,0.232
2548,0.078
2549,0.05
2550,0.172
2551,0.844
2552,0.228
2553,0.184
2554,0.022
2555,0.176
2556,0.134
2557,0.11
2558,0.188
2559,0.134
2560,0.064
2561,0
2562,0.19
2563,0.362
2564,0.184
2565,0.288
2566,0.132
2567,0.014
2568,0.09
2569,0.166
2570,0.038
2571,0.228
2572,0.184
2573,0.238
2574,0.19
2575,0.138
2576,0.036
2577,0.098
2578,0.318
2579,0.02
2580,0.11
2581,0.066
2582,0.374
2583,0.096
2584,0.108
2585,0.242
2586,0.244
2587,0.752
2588,0.654
2589,0.082
2590,0.138
2591,0.616
2592,0.07
2593,0.122
2594,0.306
2595,0.026
2596,0.108
2597,0.072
2598,0.352
2599,0.114
2600,0.332
2601,0.35
2602,0.092
2603,0.122
2604,0.074
2605,0.164
2606,0.158
2607,0.254
2608,0.186
2609,0.034
2610,0.078
2611,0.198
2612,0.036
2613,0.068
2614,0.032
2615,0.196
2616,0.124
2617,0.19
2618,0.118
2619,0.096
2620,0.034
2621,0.068
2622,0.122
2623,0.222
2624,0.232
2625,0.234
2626,0.264
2627,0.12
2628,0.05
2629,0.068
2630,0.234
2631,0.102
2632,0.13
2633,0.038
2634,0.168
2635,0.37
2636,0.29
2637,0.082
2638,0.334
2639,0.18
2640,0.212
2641,0.094
2642,0.106
2643,0.154
2644,0.182
2645,0.048
2646,0.222
2647,0.226
2648,0.222
2649,0.054
2650,0.208
2651,0.7
2652,0.186
2653,0.078
2654,0.56
2655,0.074
2656,0.422
2657,0.494
2658,0.042
2659,0.288
2660,0.122
2661,0.21
2662,0.062
2663,0.062
2664,0.36
2665,0.09
2666,0.25
2667,0.18
2668,0.02
2669,0.188
2670,0.184
2671,0.122
2672,0.018
2673,0.11
2674,0.062
2675,0.044
2676,0.68
2677,0.218
2678,0.206
2679,0.214
2680,0.222
2681,0.094
2682,0.152
2683,0.098
2684,0.576
2685,0.318
2686,0.116
2687,0.16
2688,0.918
2689,0.202
2690,0.276
2691,0.174
2692,0.16
2693,0.276
2694,0.11
2695,0.698
2696,0.874
2697,0.174
2698,0.11
2699,0.676
2700,0.58
2701,0.238
2702,0.032
2703,0.124
2704,0.084
2705,0.332
2706,0.056
2707,0.218
2708,0.118
2709,0.154
2710,0.128
2711,0.138
2712,0.086
2713,0.046
2714,0.092
2715,0.032
2716,0.222
2717,0.038
2718,0.12
2719,0.522
2720,0.114
2721,0.09
2722,0.924
2723,0.158
2724,0.038
2725,0.024
2726,0.198
2727,0.212
2728,0.096
2729,0.614
2730,0.064
2731,0.076
2732,0.37
2733,0.104
2734,0.182
2735,0.292
2736,0.518
2737,0.062
2738,0.114
2739,0.086
2740,0.046
2741,0.08
2742,0.374
2743,0.016
2744,0.1
2745,0.566
2746,0.08
2747,0.314
2748,0.844
2749,0.27
2750,0.006
2751,0.21
2752,0.686
2753,0.184
2754,0.642
2755,0.696
2756,0.584
2757,0.284
2758,0.128
2759,0.06
2760,0.164
2761,0.066
2762,0.242
2763,0.042
2764,0.108
2765,0.544
2766,0.156
2767,0.138
2768,0.29
2769,0.042
2770,0.254
2771,0.18
2772,0.754
2773,0.262
2774,0.482
2775,0.052
2776,0.154
2777,0.052
2778,0.282
2779,0.062
2780,0.086
2781,0.064
2782,0.044
2783,0.266
2784,0.19
2785,0.054
2786,0.244
2787,0.112
2788,0.498
2789,0.132
2790,0.276
2791,0.522
2792,0.838
2793,0.09
2794,0.032
2795,0.588
2796,0.104
2797,0.718
2798,0.04
2799,0.268
2800,0.262
2801,0.13
2802,0.07
2803,0.232
2804,0.022
2805,0.156
2806,0.148
2807,0.204
2808,0.154
2809,0.174
2810,0.88
2811,0.17
2812,0.126
2813,0.052
2814,0.402
2815,0.158
2816,0.226
2817,0.194
2818,0.078
2819,0.116
2820,0.538
2821,0.086
2822,0.068
2823,0.732
2824,0.142
2825,0.108
2826,0.15
2827,0.046
2828,0.232
2829,0.028
2830,0.484
2831,0.086
2832,0.144
2833,0.148
2834,0.186
2835,0.124
2836,0.464
2837,0.028
2838,0.09
2839,0.118
2840,0.116
2841,0.532
2842,0.126
2843,0.166
2844,0.596
2845,0.122
2846,0.204
2847,0.244
2848,0.766
2849,0.14
2850,0.352
2851,0.064
2852,0.022
2853,0.17
2854,0.32
2855,0.104
2856,0.796
2857,0.036
2858,0.286
2859,0.286
2860,0.098
2861,0.134
2862,0.092
2863,0.228
2864,0.108
2865,0.71
2866,0.142
2867,0.076
2868,0.148
2869,0.064
2870,0.12
2871,0.126
2872,0.086
2873,0.138
2874,0.278
2875,0.128
2876,0.138
2877,0.744
2878,0.096
2879,0.81
2880,0.076
2881,0.2
2882,0.244
2883,0.344
2884,0.036
2885,0.064
2886,0.072
2887,0.014
2888,0.208
2889,0.064
2890,0.098
2891,0.114
2892,0.118
2893,0.062
2894,0.174
2895,0.05
2896,0.098
2897,0.036
2898,0.066
2899,0.136
2900,0.086
2901,0.154
2902,0.166
2903,0.792
2904,0.12
2905,0.146
2906,0.016
2907,0.088
2908,0.104
2909,0.036
2910,0.068
2911,0.376
2912,0.668
2913,0.198
2914,0.412
2915,0.026
2916,0.136
2917,0.082
2918,0.062
2919,0.338
2920,0.048
2921,0.092
2922,0.126
2923,0.244
2924,0.878
2925,0.07
2926,0.336
2927,0.076
2928,0.178
2929,0.104
2930,0.424
2931,0.274
2932,0.09
2933,0.648
2934,0.276
2935,0.116
2936,0.276
2937,0.192
2938,0.022
2939,0.076
2940,0.086
2941,0.444
2942,0.124
2943,0.146
2944,0.604
2945,0.034
2946,0.186
2947,0.048
2948,0.594
2949,0.164
2950,0.11
2951,0.06
2952,0.216
2953,0.502
2954,0.132
2955,0.172
2956,0.244
2957,0.154
2958,0.336
2959,0.152
2960,0.338
2961,0.362
2962,0.348
2963,0.072
2964,0.148
2965,0.656
2966,0.068
2967,0.042
2968,0.084
2969,0.334
2970,0.932
2971,0.226
2972,0.08
2973,0.18
2974,0.138
2975,0.206
2976,0.232
2977,0.324
2978,0.074
2979,0.124
2980,0.048
2981,0.058
2982,0.04
2983,0.462
2984,0.672
2985,0.138
2986,0.054
2987,0.064
2988,0.13
2989,0.164
2990,0.108
2991,0.182
2992,0.138
2993,0.16
2994,0.12
2995,0.084
2996,0.09
2997,0.134
2998,0.186
2999,0.178
3000,0.434
3001,0.124
3002,0.602
3003,0.148
3004,0.08
3005,0.24
3006,0.176
3007,0.114
3008,0.086
3009,0.104
3010,0.056
3011,0.02
3012,0.62
3013,0.094
3014,0.224
3015,0.304
3016,0.084
3017,0.256
3018,0.226
3019,0.616
3020,0.008
3021,0.606
3022,0.752
3023,0.166
3024,0.106
3025,0.042
3026,0.104
3027,0.046
3028,0.08
3029,0.362
3030,0.162
3031,0.102
3032,0.714
3033,0.652
3034,0.34
3035,0.18
3036,0.224
3037,0.174
3038,0.194
3039,0.012
3040,0.086
3041,0.256
3042,0.056
3043,0.012
3044,0.212
3045,0.064
3046,0.204
3047,0.378
3048,0.464
3049,0.722
3050,0.64
3051,0.084
3052,0.27
3053,0.12
3054,0.236
3055,0.01
3056,0.156
3057,0.698
3058,0.612
3059,0.106
3060,0.066
3061,0.174
3062,0.03
3063,0.15
3064,0.72
3065,0.102
3066,0.17
3067,0.132
3068,0.114
3069,0.146
3070,0.7
3071,0.108
3072,0.41
3073,0.1
3074,0.118
3075,0.236
3076,0.288
3077,0.826
3078,0.056
3079,0.08
3080,0.084
3081,0.106
3082,0.286
3083,0.052
3084,0.106
3085,0.104
3086,0.028
3087,0.272
3088,0.156
3089,0.436
3090,0.18
3091,0.184
3092,0.156
3093,0.098
3094,0.182
3095,0.056
3096,0.126
3097,0.554
3098,0.12
3099,0.66
3100,0.328
3101,0.46
3102,0.74
3103,0.176
3104,0.09
3105,0.03
3106,0.128
3107,0.072
3108,0.066
3109,0.068
3110,0.084
3111,0.048
3112,0.414
3113,0.09
3114,0.11
3115,0.084
3116,0.112
3117,0.014
3118,0.272
3119,0.224
3120,0.126
3121,0.056
3122,0.06
3123,0.634
3124,0.212
3125,0.29
3126,0.156
3127,0.028
3128,0.782
3129,0.328
3130,0.124
3131,0.092
3132,0.078
3133,0.718
3134,0.526
3135,0.148
3136,0.112
3137,0.35
3138,0.12
3139,0.194
3140,0.042
3141,0.116
3142,0.038
3143,0.688
3144,0.462
3145,0.568
3146,0.246
3147,0.698
3148,0.152
3149,0.124
3150,0.608
3151,0.128
3152,0.052
3153,0.234
3154,0.068
3155,0.15
3156,0.096
3157,0.11
3158,0.474
3159,0.178
3160,0.29
3161,0.092
3162,0.086
3163,0.164
3164,0.188
3165,0.282
3166,0.216
3167,0.26
3168,0.172
3169,0.06
3170,0.086
3171,0.028
3172,0.08
3173,0.22
3174,0.322
3175,0.156
3176,0.02
3177,0.088
3178,0.57
3179,0.186
3180,0.216
3181,0.492
3182,0.12
3183,0.158
3184,0.12
3185,0.048
3186,0.05
3187,0.226
3188,0.14
3189,0.136
3190,0.152
3191,0.172
3192,0.138
3193,0.148
3194,0.07
3195,0.146
3196,0.062
3197,0.076
3198,0.128
3199,0.412
3200,0.214
3201,0.038
3202,0.324
3203,0.21
3204,0.104
3205,0.192
3206,0.442
3207,0.148
3208,0.574
3209,0.24
3210,0.048
3211,0.396
3212,0.07
3213,0.098
3214,0.208
3215,0.04
3216,0.262
3217,0.186
3218,0.298
3219,0.144
3220,0.106
3221,0.132
3222,0.27
3223,0.172
3224,0.182
3225,0.018
3226,0.188
3227,0.054
3228,0.136
3229,0.034
3230,0.248
3231,0.36
3232,0.282
3233,0.052
3234,0.072
3235,0.272
3236,0.214
3237,0.81
3238,0.074
3239,0.26
3240,0.524
3241,0.058
3242,0.026
3243,0.04
3244,0.186
3245,0.184
3246,0.054
3247,0.122
3248,0.042
3249,0.134
3250,0.698
3251,0.096
3252,0.092
3253,0.696
3254,0.792
3255,0.462
3256,0.55
3257,0.062
3258,0.176
3259,0.358
3260,0.142
3261,0.428
3262,0.302
3263,0.24
3264,0.128
3265,0.266
3266,0.026
3267,0.074
3268,0.252
3269,0.542
3270,0.166
3271,0.172
3272,0.042
3273,0.494
3274,0.548
3275,0.076
3276,0.204
3277,0.12
3278,0.028
3279,0.194
3280,0.952
3281,0.124
3282,0.068
3283,0.3
3284,0.104
3285,0.626
3286,0.082
3287,0.136
3288,0.252
3289,0.224
3290,0.08
3291,0.2
3292,0.014
3293,0.098
3294,0.272
3295,0.792
3296,0.288
3297,0.07
3298,0.336
3299,0.154
3300,0.316
3301,0.026
3302,0.244
3303,0.478
3304,0.168
3305,0.494
3306,0.094
3307,0.038
3308,0.1
3309,0.106
3310,0.074
3311,0.09
3312,0.012
3313,0.156
3314,0.144
3315,0.156
3316,0.128
3317,0.08
3318,0.136
3319,0.202
3320,0.178
3321,0.498
3322,0.086
3323,0.172
3324,0.042
3325,0.102
3326,0.056
3327,0.172
3328,0.094
3329,0.224
3330,0.082
3331,0.08
3332,0.08
3333,0.086
3334,0.09
3335,0.092
3336,0.132
3337,0.202
3338,0.172
3339,0.064
3340,0.358
3341,0.39
3342,0.292
3343,0.406
3344,0.088
3345,0.458
3346,0.074
3347,0.156
3348,0.098
3349,0.146
3350,0.532
3351,0.062
3352,0.224
3353,0.13
3354,0.062
3355,0.566
3356,0.352
3357,0.06
3358,0.132
3359,0.166
3360,0.26
3361,0.328
3362,0.092
3363,0.08
3364,0.156
3365,0.408
3366,0.094
3367,0.098
3368,0.578
3369,0.024
3370,0.08
3371,0.012
3372,0.036
3373,0.492
3374,0.364
3375,0.19
3376,0.188
3377,0.024
3378,0.064
3379,0.138
3380,0.034
3381,0.136
3382,0.146
3383,0.252
3384,0.196
3385,0.03
3386,0.184
3387,0.106
3388,0.148
3389,0.228
3390,0.368
3391,0.604
3392,0.016
3393,0.162
3394,0.4
3395,0.216
3396,0.418
3397,0.262
3398,0.12
3399,0.262
3400,0.242
3401,0.042
3402,0.13
3403,0.096
3404,0.148
3405,0.096
3406,0.09
3407,0.03
3408,0.13
3409,0.052
3410,0.362
3411,0.138
3412,0.094
3413,0.312
3414,0.26
3415,0.204
3416,0.724
3417,0.268
3418,0.234
3419,0.644
3420,0.144
3421,0.152
3422,0.012
3423,0.412
3424,0.088
3425,0.126
3426,0.132
3427,0.312
3428,0.65
3429,0.434
3430,0.306
3431,0.082
3432,0.268
3433,0.12
3434,0.178
3435,0.03
3436,0.096
3437,0.134
3438,0.302
3439,0.176
3440,0.18
3441,0.08
3442,0.152
3443,0.074
3444,0.13
3445,0.136
3446,0.48
3447,0.104
3448,0.01
3449,0.386
3450,0.164
3451,0.184
3452,0.162
3453,0.048
3454,0.244
3455,0.058
3456,0.084
3457,0.006
3458,0.11
3459,0.23
3460,0.518
3461,0.176
3462,0.122
3463,0.246
3464,0.204
3465,0.196
3466,0.158
3467,0.78
3468,0.128
3469,0.082
3470,0.234
3471,0.196
3472,0.008
3473,0.076
3474,0.142
3475,0.21
3476,0.484
3477,0.28
3478,0.054
3479,0.17
3480,0.492
3481,0.134
3482,0.052
3483,0.614
3484,0.186
3485,0.25
3486,0.248
3487,0.398
3488,0.154
3489,0.718
3490,0.224
3491,0.344
3492,0.1
3493,0.052
3494,0.184
3495,0.776
3496,0.116
3497,0.054
3498,0.136
3499,0.208
3500,0.29
3501,0.844
3502,0.414
3503,0.076
3504,0.112
3505,0.832
3506,0.098
3507,0.074
3508,0.128
3509,0.142
3510,0.302
3511,0.384
3512,0.12
3513,0.086
3514,0.102
3515,0.022
3516,0.224
3517,0.214
3518,0.218
3519,0.15
3520,0.114
3521,0.25
3522,0.218
3523,0.038
3524,0.09
3525,0.45
3526,0.156
3527,0.11
3528,0.282
3529,0.028
3530,0.474
3531,0.178
3532,0.076
3533,0.606
3534,0.148
3535,0.796
3536,0.42
3537,0.092
3538,0.058
3539,0.21
3540,0.09
3541,0.122
3542,0.122
3543,0.158
3544,0.278
3545,0.144
3546,0.03
3547,0.748
3548,0.496
3549,0.152
3550,0.522
3551,0.192
3552,0.042
3553,0.194
3554,0.58
3555,0.192
3556,0.316
3557,0.15
3558,0.216
3559,0.018
3560,0.176
3561,0.158
3562,0.264
3563,0.18
3564,0.106
3565,0.15
3566,0.318
3567,0.112
3568,0.06
3569,0.716
3570,0.15
3571,0.346
3572,0.068
3573,0.438
3574,0.176
3575,0.076
3576,0.132
3577,0.172
3578,0.166
3579,0.106
3580,0.016
3581,0.502
3582,0.79
3583,0.05
3584,0.108
3585,0.23
3586,0.194
3587,0.186
3588,0.478
3589,0.252
3590,0.838
3591,0.536
3592,0.104
3593,0.226
3594,0.054
3595,0.022
3596,0.09
3597,0.118
3598,0.078
3599,0.1
3600,0.166
3601,0.098
3602,0.06
3603,0.18
3604,0.148
3605,0.136
3606,0.728
3607,0.09
3608,0.094
3609,0.168
3610,0.056
3611,0.114
3612,0.094
3613,0.062
3614,0.718
3615,0.162
3616,0.072
3617,0.238
3618,0.288
3619,0.084
3620,0.046
3621,0.688
3622,0.444
3623,0.224
3624,0.114
3625,0.092
3626,0.75
3627,0.11
3628,0.206
3629,0.122
3630,0.024
3631,0.08
3632,0.09
3633,0.192
3634,0.022
3635,0.694
3636,0.16
3637,0.71
3638,0.118
3639,0.722
3640,0.2
3641,0.044
3642,0.186
3643,0.384
3644,0.12
3645,0.248
3646,0.25
3647,0.4
3648,0.026
3649,0.136
3650,0.72
3651,0.046
3652,0.236
3653,0.17
3654,0.332
3655,0.574
3656,0.158
3657,0.084
3658,0.396
3659,0.116
3660,0.028
3661,0.214
3662,0.376
3663,0.092
3664,0.084
3665,0.042
3666,0.12
3667,0.038
3668,0.32
3669,0.21
3670,0.172
3671,0.052
3672,0.174
3673,0.036
3674,0.672
3675,0.08
3676,0.362
3677,0.774
3678,0.168
3679,0.126
3680,0.292
3681,0.644
3682,0.08
3683,0.122
3684,0.102
3685,0.148
3686,0.632
3687,0.224
3688,0.296
3689,0.168
3690,0.06
3691,0.026
3692,0.478
3693,0.192
3694,0.05
3695,0.23
3696,0.22
3697,0.2
3698,0.074
3699,0.48
3700,0.088
3701,0.038
3702,0.212
3703,0.154
3704,0.102
3705,0.144
3706,0.146
3707,0.116
3708,0.142
3709,0.142
3710,0.064
3711,0.628
3712,0.606
3713,0.54
3714,0.104
3715,0.13
3716,0.188
3717,0.264
3718,0.772
3719,0.134
3720,0.01
3721,0.142
3722,0.218
3723,0.06
3724,0.19
3725,0.244
3726,0.444
3727,0.076
3728,0.418
3729,0.094
3730,0.054
3731,0.662
3732,0.892
3733,0.634
3734,0.184
3735,0.154
3736,0.172
3737,0.058
3738,0.09
3739,0.242
3740,0.264
3741,0.242
3742,0.25
3743,0.124
3744,0.402
3745,0.214
3746,0.104
3747,0.594
3748,0.178
3749,0.074
3750,0.468
3751,0.144
3752,0.132
3753,0.222
3754,0.296
3755,0.148
3756,0.186
3757,0.328
3758,0.678
3759,0.246
3760,0.65
3761,0.674
3762,0.028
3763,0.13
3764,0.188
3765,0.114
3766,0.01
3767,0.308
3768,0.166
3769,0.174
3770,0.33
3771,0.154
3772,0.154
3773,0.144
3774,0.726
3775,0.208
3776,0.132
3777,0.57
3778,0.474
3779,0.32
3780,0.122
3781,0.594
3782,0.124
3783,0.138
3784,0.106
3785,0.196
3786,0.172
3787,0.728
3788,0.278
3789,0.15
3790,0.152
3791,0.292
3792,0.654
3793,0.078
3794,0.362
3795,0.366
3796,0.172
3797,0.114
3798,0.774
3799,0.144
3800,0.836
3801,0.05
3802,0.542
3803,0.402
3804,0.168
3805,0.032
3806,0.272
3807,0.046
3808,0.142
3809,0.386
3810,0.578
3811,0.236
3812,0.4
3813,0.242
3814,0.274
3815,0.73
3816,0.148
3817,0.648
3818,0.124
3819,0.104
3820,0.07
3821,0.196
3822,0.06
3823,0.096
3824,0.29
3825,0.37
3826,0.18
3827,0.35
3828,0.036
3829,0.08
3830,0.088
3831,0.224
3832,0.048
3833,0.014
3834,0.054
3835,0.37
3836,0.156
3837,0.074
3838,0.074
3839,0.054
3840,0.2
3841,0.594
3842,0.2
3843,0.098
3844,0.1
3845,0.068
3846,0.44
3847,0.088
3848,0.54
3849,0.522
3850,0.542
3851,0.058
3852,0.154
3853,0.096
3854,0.776
3855,0.052
3856,0.032
3857,0.024
3858,0.098
3859,0.204
3860,0.428
3861,0.04
3862,0.04
3863,0.218
3864,0.35
3865,0.632
3866,0.188
3867,0.096
3868,0.176
3869,0.632
3870,0.14
3871,0.2
3872,0.04
3873,0.042
3874,0.098
3875,0.114
3876,0.11
3877,0.14
3878,0.036
3879,0.068
3880,0.202
3881,0.064
3882,0.774
3883,0.08
3884,0.026
3885,0.112
3886,0.308
3887,0.082
3888,0.246
3889,0.246
3890,0.626
3891,0.418
3892,0.442
3893,0.45
3894,0.066
3895,0.006
3896,0.122
3897,0.198
3898,0.56
3899,0.826
3900,0.23
3901,0.554
3902,0.808
3903,0.706
3904,0.058
3905,0.564
3906,0.02
3907,0.304
3908,0.138
3909,0.186
3910,0.718
3911,0.108
3912,0.03
3913,0.212
3914,0.232
3915,0.826
3916,0.03
3917,0.514
3918,0.584
3919,0.032
3920,0.264
3921,0.134
3922,0.148
3923,0.242
3924,0.588
3925,0.23
3926,0.036
3927,0.142
3928,0.14
3929,0.284
3930,0.056
3931,0.006
3932,0.074
3933,0.032
3934,0.11
3935,0.26
3936,0.11
3937,0.03
3938,0.196
3939,0.312
3940,0.142
3941,0.08
3942,0.222
3943,0.158
3944,0.068
3945,0.02
3946,0.456
3947,0.172
3948,0.008
3949,0.07
3950,0.144
3951,0.246
3952,0.126
3953,0.072
3954,0.192
3955,0.296
3956,0.152
3957,0.568
3958,0.832
3959,0.312
3960,0.678
3961,0.198
3962,0.016
3963,0.094
3964,0.032
3965,0.206
3966,0.048
3967,0.108
3968,0.176
3969,0.034
3970,0.508
3971,0.248
3972,0.208
3973,0.088
3974,0.578
3975,0.084
3976,0.052
3977,0.138
3978,0.348
3979,0.038
3980,0.094
3981,0.768
3982,0.11
3983,0.212
3984,0.206
3985,0.344
3986,0.098
3987,0.208
3988,0.092
3989,0.104
3990,0.29
3991,0.042
3992,0.536
3993,0.48
3994,0.238
3995,0.188
3996,0.138
3997,0.202
3998,0.138
3999,0.28
4000,0.226
4001,0.034
4002,0.382
4003,0.136
4004,0.088
4005,0.834
4006,0.23
4007,0.27
4008,0.302
4009,0.57
4010,0.208
4011,0.046
4012,0.1
4013,0.114
4014,0.076
4015,0.246
4016,0.136
4017,0.164
4018,0.442
4019,0.154
4020,0.234
4021,0.042
4022,0.176
4023,0.122
4024,0.038
4025,0.39
4026,0.068
4027,0.204
4028,0.204
4029,0.224
4030,0.172
4031,0.204
4032,0.142
4033,0.19
4034,0.022
4035,0.038
4036,0.144
4037,0.226
4038,0.06
4039,0.174
4040,0.142
4041,0.078
4042,0.024
4043,0.02
4044,0.258
4045,0.166
4046,0.178
4047,0.696
4048,0.104
4049,0.314
4050,0.102
4051,0.04
4052,0.654
4053,0.038
4054,0.3
4055,0.14
4056,0.126
4057,0.342
4058,0.65
4059,0.456
4060,0.07
4061,0.032
4062,0.334
4063,0.812
4064,0.404
4065,0.022
4066,0.068
4067,0.206
4068,0.122
4069,0.088
4070,0.422
4071,0.03
4072,0.064
4073,0.536
4074,0.48
4075,0.078
4076,0.152
4077,0.068
4078,0.196
4079,0.374
4080,0.428
4081,0.324
4082,0.436
4083,0.332
4084,0.124
4085,0.09
4086,0.106
4087,0.694
4088,0.064
4089,0.006
4090,0.278
4091,0.57
4092,0.058
4093,0.07
4094,0.144
4095,0.126
4096,0.086
4097,0.018
4098,0.1
4099,0.19
4100,0.238
4101,0.172
4102,0.33
4103,0.744
4104,0.408
4105,0.094
4106,0.05
4107,0.418
4108,0.188
4109,0.148
4110,0.22
4111,0.092
4112,0.068
4113,0.328
4114,0.068
4115,0.342
4116,0.048
4117,0.19
4118,0.524
4119,0.172
4120,0.048
4121,0.09
4122,0.876
4123,0.182
4124,0.04
4125,0.476
4126,0.194
4127,0.01
4128,0.086
4129,0.04
4130,0.808
4131,0.056
4132,0.112
4133,0.042
4134,0.29
4135,0.042
4136,0.212
4137,0.466
4138,0.16
4139,0.124
4140,0.138
4141,0.114
4142,0.676
4143,0.372
4144,0.116
4145,0.018
4146,0.264
4147,0.126
4148,0.35
4149,0.25
4150,0.132
4151,0.14
4152,0.492
4153,0.178
4154,0.032
4155,0.86
4156,0.092
4157,0.09
4158,0.268
4159,0.144
4160,0.134
4161,0.034
4162,0.424
4163,0.25
4164,0.42
4165,0.086
4166,0.272
4167,0.066
4168,0.156
4169,0.266
4170,0.022
4171,0.234
4172,0.072
4173,0.146
4174,0.768
4175,0.016
4176,0.074
4177,0.226
4178,0.09
4179,0.1
4180,0.162
4181,0.096
4182,0.76
4183,0.214
4184,0.054
4185,0.098
4186,0.036
4187,0.624
4188,0.116
4189,0.13
4190,0.08
4191,0.132
4192,0.562
4193,0.46
4194,0.632
4195,0.116
4196,0.138
4197,0.038
4198,0.606
4199,0.184
4200,0.134
4201,0.438
4202,0.648
4203,0.752
4204,0.15
4205,0.186
4206,0.166
4207,0.284
4208,0.206
4209,0.746
4210,0.136
4211,0.102
4212,0.108
4213,0.038
4214,0.516
4215,0.038
4216,0.054
4217,0.54
4218,0.94
4219,0.172
4220,0.132
4221,0.228
4222,0.856
4223,0.214
4224,0.18
4225,0.584
4226,0.192
4227,0.094
4228,0.19
4229,0.082
4230,0.172
4231,0.37
4232,0.028
4233,0.128
4234,0.1
4235,0.194
4236,0.188
4237,0.146
4238,0.05
4239,0.09
4240,0.314
4241,0.722
4242,0.114
4243,0.52
4244,0.18
4245,0.112
4246,0.106
4247,0.224
4248,0.172
4249,0.326
4250,0.17
4251,0.086
4252,0.144
4253,0.182
4254,0.106
4255,0.04
4256,0.294
4257,0.056
4258,0.066
4259,0.74
4260,0.194
4261,0.302
4262,0.326
4263,0.712
4264,0.134
4265,0.132
4266,0.576
4267,0.108
4268,0.862
4269,0.272
4270,0.07
4271,0.154
4272,0.274
4273,0.24
4274,0.19
4275,0.238
4276,0.016
4277,0.05
4278,0.246
4279,0.138
4280,0.368
4281,0.038
4282,0.204
4283,0.288
4284,0.314
4285,0.052
4286,0.734
4287,0.822
4288,0.224
4289,0.08
4290,0.224
4291,0.294
4292,0.136
4293,0.732
4294,0.102
4295,0.148
4296,0.144
4297,0.21
4298,0.13
4299,0.098
4300,0.228
4301,0.78
4302,0.248
4303,0.6
4304,0.296
4305,0.242
4306,0.242
4307,0.128
4308,0.24
4309,0.12
4310,0.128
4311,0.08
4312,0.202
4313,0.088
4314,0.21
4315,0.024
4316,0.1
4317,0.454
4318,0.192
4319,0.012
4320,0.01
4321,0.202
4322,0.112
4323,0.18
4324,0.21
4325,0.764
4326,0.07
4327,0.006
4328,0.31
4329,0.072
4330,0.57
4331,0.142
4332,0.056
4333,0.514
4334,0.326
4335,0.134
4336,0.646
4337,0.168
4338,0.214
4339,0.178
4340,0.128
4341,0.064
4342,0.72
4343,0.302
4344,0.056
4345,0.148
4346,0.158
4347,0.632
4348,0.15
4349,0.85
4350,0.08
4351,0.132
4352,0.028
4353,0.628
4354,0.268
4355,0.112
4356,0.138
4357,0.512
4358,0.226
4359,0.058
4360,0.312
4361,0.118
4362,0.338
4363,0.07
4364,0.19
4365,0.252
4366,0.234
4367,0.688
4368,0.164
4369,0.038
4370,0.052
4371,0.392
4372,0.404
4373,0.03
4374,0.146
4375,0.554
4376,0.158
4377,0.044
4378,0.084
4379,0.084
4380,0.27
4381,0.102
4382,0.18
4383,0.24
4384,0.168
4385,0.036
4386,0.25
4387,0.104
4388,0.098
4389,0.216
4390,0.184
4391,0.632
4392,0.078
4393,0.138
4394,0.106
4395,0.046
4396,0.77
4397,0.622
4398,0.202
4399,0.654
4400,0.272
4401,0.374
4402,0.276
4403,0.052
4404,0.024
4405,0.122
4406,0.1
4407,0.076
4408,0.08
4409,0.114
4410,0.24
4411,0.328
4412,0.482
4413,0.758
4414,0.086
4415,0.148
4416,0.068
4417,0.544
4418,0.054
4419,0.056
4420,0.226
4421,0.22
4422,0.074
4423,0.548
4424,0.162
4425,0.22
4426,0.128
4427,0.164
4428,0.596
4429,0.202
4430,0.84
4431,0.028
4432,0.542
4433,0.604
4434,0.814
4435,0.232
4436,0.086
4437,0.094
4438,0.114
4439,0.222
4440,0.086
4441,0.106
4442,0.08
4443,0.05
4444,0.006
4445,0.55
4446,0.176
4447,0.702
4448,0.322
4449,0.034
4450,0.192
4451,0.134
4452,0.182
4453,0.13
4454,0.174
4455,0.082
4456,0.122
4457,0.134
4458,0.206
4459,0.022
4460,0.264
4461,0.284
4462,0.016
4463,0.832
4464,0.044
4465,0.458
4466,0.064
4467,0.168
4468,0.06
4469,0.092
4470,0.052
4471,0.06
4472,0.172
4473,0.326
4474,0.224
4475,0.176
4476,0.794
4477,0.172
4478,0.664
4479,0.056
4480,0.112
4481,0.172
4482,0.646
4483,0.07
4484,0.05
4485,0.06
4486,0.104
4487,0.142
4488,0.082
4489,0.096
4490,0.07
4491,0.18
4492,0.032
4493,0.246
4494,0.124
4495,0.104
4496,0.082
4497,0.114
4498,0.508
4499,0.202
4500,0.596
4501,0.124
4502,0.374
4503,0.048
4504,0.168
4505,0.05
4506,0.358
4507,0.048
4508,0.302
4509,0.168
4510,0.258
4511,0.098
4512,0.018
4513,0.188
4514,0.332
4515,0.614
4516,0.16
4517,0.176
4518,0.266
4519,0.188
4520,0.046
4521,0.624
4522,0.824
4523,0.068
4524,0.19
4525,0.304
4526,0.176
4527,0.314
4528,0.076
4529,0.06
4530,0.146
4531,0.058
4532,0.18
4533,0.174
4534,0.422
4535,0.002
4536,0.204
4537,0.24
4538,0.432
4539,0.098
4540,0.152
4541,0.072
4542,0.23
4543,0.196
4544,0.144
4545,0.614
4546,0.092
4547,0.228
4548,0.06
4549,0.632
4550,0.012
4551,0.206
4552,0.024
4553,0.134
4554,0.082
4555,0.456
4556,0.364
4557,0.054
4558,0.248
4559,0.044
4560,0.082
4561,0.478
4562,0.16
4563,0.148
4564,0.204
4565,0.052
4566,0.07
4567,0.398
4568,0.036
4569,0.11
4570,0.062
4571,0.18
4572,0.198
4573,0.014
4574,0.062
4575,0.25
4576,0.358
4577,0.188
4578,0.05
4579,0.56
4580,0.216
4581,0.236
4582,0.186
4583,0.27
4584,0.13
4585,0.196
4586,0.842
4587,0.248
4588,0.128
4589,0.218
4590,0.194
4591,0.126
4592,0.362
4593,0.088
4594,0.11
4595,0.16
4596,0.074
4597,0.306
4598,0.126
4599,0.222
4600,0.594
4601,0.144
4602,0.158
4603,0.174
4604,0.082
4605,0.41
4606,0.148
4607,0.156
4608,0.342
4609,0.178
4610,0.25
4611,0.176
4612,0.028
4613,0.092
4614,0.07
4615,0.222
4616,0.39
4617,0.212
4618,0.014
4619,0.224
4620,0.242
4621,0.178
4622,0.164
4623,0.182
4624,0.01
4625,0.358
4626,0.016
4627,0.124
4628,0.688
4629,0.376
4630,0.634
4631,0.196
4632,0.326
4633,0.15
4634,0.144
4635,0.092
4636,0.566
4637,0.052
4638,0.108
4639,0.246
4640,0.016
4641,0.216
4642,0.698
4643,0.468
4644,0.202
4645,0.368
4646,0.04
4647,0.092
4648,0.36
4649,0.53
4650,0.182
4651,0.044
4652,0.138
4653,0.294
4654,0.086
4655,0.748
4656,0.166
4657,0.094
4658,0.51
4659,0.124
4660,0.286
4661,0.176
4662,0.066
4663,0.124
4664,0.296
4665,0.146
4666,0.156
4667,0.276
4668,0.126
4669,0.046
4670,0.13
4671,0.322
4672,0.052
4673,0.256
4674,0.14
4675,0.286
4676,0.788
4677,0.128
4678,0.532
4679,0.104
4680,0.186
4681,0.066
4682,0.188
4683,0.11
4684,0.054
4685,0.256
4686,0.11
4687,0.256
4688,0.088
4689,0.374
4690,0.608
4691,0.068
4692,0.168
4693,0.262
4694,0.154
4695,0.114
4696,0.196
4697,0.534
4698,0.366
4699,0.046
4700,0.142
4701,0.078
4702,0.636
4703,0.034
4704,0.134
4705,0.126
4706,0.14
4707,0.156
4708,0.168
4709,0.19
4710,0.04
4711,0.08
4712,0.176
4713,0.09
4714,0.246
4715,0.12
4716,0.156
4717,0.748
4718,0.22
4719,0.278
4720,0.428
4721,0.052
4722,0.076
4723,0.238
4724,0.804
4725,0.294
4726,0.252
4727,0.032
4728,0.14
4729,0.216
4730,0.036
4731,0.058
4732,0.088
4733,0.134
4734,0.294
4735,0.626
4736,0.04
4737,0.514
4738,0.58
4739,0.014
4740,0.19
4741,0.746
4742,0.044
4743,0.52
4744,0.14
4745,0.142
4746,0.304
4747,0.302
4748,0.206
4749,0.222
4750,0.032
4751,0.444
4752,0.304
4753,0.104
4754,0.778
4755,0.148
4756,0.222
4757,0.094
4758,0.358
4759,0.04
4760,0.094
4761,0.152
4762,0.224
4763,0.098
4764,0.152
4765,0.634
4766,0.148
4767,0.01
4768,0.044
4769,0.044
4770,0.602
4771,0.482
4772,0.026
4773,0.06
4774,0.68
4775,0.096
4776,0.028
4777,0.078
4778,0.152
4779,0.114
4780,0.686
4781,0.148
4782,0.094
4783,0.146
4784,0.016
4785,0.224
4786,0.06
4787,0.082
4788,0.152
4789,0.174
4790,0.46
4791,0.098
4792,0.814
4793,0.09
4794,0.654
4795,0.18
4796,0.366
4797,0.102
4798,0.07
4799,0.074
4800,0.888
4801,0.212
4802,0.11
4803,0.75
4804,0.528
4805,0.72
4806,0.352
4807,0.724
4808,0.344
4809,0.07
4810,0.274
4811,0.19
4812,0.054
4813,0.412
4814,0.304
4815,0.226
4816,0.736
4817,0.668
4818,0.106
4819,0.138
4820,0.04
4821,0.134
4822,0.11
4823,0.138
4824,0.24
4825,0.068
4826,0.374
4827,0.054
4828,0.296
4829,0.096
4830,0.064
4831,0.534
4832,0.426
4833,0.064
4834,0.736
4835,0.432
4836,0.196
4837,0.314
4838,0.338
4839,0.018
4840,0.246
4841,0.222
4842,0.042
4843,0.104
4844,0.15
4845,0.024
4846,0.68
4847,0.56
4848,0.14
4849,0.056
4850,0.146
4851,0.182
4852,0.272
4853,0.81
4854,0.228
4855,0.1
4856,0.63
4857,0.596
4858,0.112
4859,0.232
4860,0.734
4861,0.022
4862,0.104
4863,0.326
4864,0.144
4865,0.092
4866,0.19
4867,0.83
4868,0.12
4869,0.088
4870,0.534
4871,0.652
4872,0.03
4873,0.124
4874,0.164
4875,0.074
4876,0.668
4877,0.17
4878,0.68
4879,0.102
4880,0.14
4881,0.176
4882,0.524
4883,0.292
4884,0.178
4885,0.558
4886,0.012
4887,0.646
4888,0.138
4889,0.082
4890,0.322
4891,0.378
4892,0.208
4893,0.086
4894,0.31
4895,0.778
4896,0.198
4897,0.07
4898,0.43
4899,0.066
4900,0.234
4901,0.012
4902,0.056
4903,0.076
4904,0.138
4905,0.764
4906,0.368
4907,0.224
4908,0.216
4909,0.432
4910,0.066
4911,0.262
4912,0.898
4913,0.174
4914,0.636
4915,0.164
4916,0.314
4917,0.052
4918,0.314
4919,0.43
4920,0.098
4921,0.018
4922,0.094
4923,0.086
4924,0.374
4925,0.238
4926,0.02
4927,0.184
4928,0.074
4929,0.296
4930,0.15
4931,0.186
4932,0.22
4933,0.69
4934,0.704
4935,0.288
4936,0.028
4937,0.686
4938,0.054
4939,0.086
4940,0.136
4941,0.29
4942,0.252
4943,0.094
4944,0.708
4945,0.308
4946,0.176
4947,0.258
4948,0.164
4949,0.066
4950,0.562
4951,0.08
4952,0.024
4953,0.086
4954,0.222
4955,0.068
4956,0.098
4957,0.194
4958,0.436
4959,0.044
4960,0.064
4961,0.064
4962,0.458
4963,0.162
4964,0.142
4965,0.368
4966,0.026
4967,0.14
4968,0.21
4969,0.148
4970,0.24
4971,0.032
4972,0.056
4973,0.144
4974,0.036
4975,0.088
4976,0.338
4977,0.07
4978,0.194
4979,0.036
4980,0.12
4981,0.104
4982,0.216
4983,0.014
4984,0.076
4985,0.71
4986,0.084
4987,0.032
4988,0.024
4989,0.28
4990,0.458
4991,0.71
4992,0.238
4993,0.454
4994,0.216
4995,0.23
4996,0.554
4997,0.12
4998,0.178
4999,0.068
5000,0.172
5001,0.212
5002,0.124
5003,0.102
5004,0.658
5005,0.038
5006,0.73
5007,0.154
5008,0.192
5009,0.402
5010,0.314
5011,0.154
5012,0.138
5013,0.418
5014,0.03
5015,0.02
5016,0.038
5017,0.46
5018,0.198
5019,0.242
5020,0.142
5021,0.076
5022,0.328
5023,0.04
5024,0.082
5025,0.106
5026,0.124
5027,0.126
5028,0.028
5029,0.094
5030,0.152
5031,0.36
5032,0.194
5033,0.174
5034,0.79
5035,0.164
5036,0.272
5037,0.754
5038,0.2
5039,0.276
5040,0.05
5041,0.264
5042,0.242
5043,0.098
5044,0.408
5045,0.036
5046,0.158
5047,0.356
5048,0.268
5049,0.16
5050,0.02
5051,0.136
5052,0.428
5053,0.084
5054,0.072
5055,0.026
5056,0.04
5057,0.636
5058,0.07
5059,0.002
5060,0.17
5061,0.166
5062,0.3
5063,0.078
5064,0.116
5065,0.142
5066,0.386
5067,0.318
5068,0.032
5069,0.024
5070,0.116
5071,0.114
5072,0.186
5073,0.41
5074,0.47
5075,0.138
5076,0.216
5077,0.164
5078,0.052
5079,0.434
5080,0.218
5081,0.832
5082,0.302
5083,0.23
5084,0.542
5085,0.202
5086,0.206
5087,0.08
5088,0.07
5089,0.348
5090,0.558
5091,0.112
5092,0.428
5093,0.204
5094,0.188
5095,0.786
5096,0.026
5097,0.6
5098,0.048
5099,0.046
5100,0.176
5101,0.032
5102,0.228
5103,0.234
5104,0.162
5105,0.08
5106,0.022
5107,0.052
5108,0.09
5109,0.25
5110,0.16
5111,0.458
5112,0.306
5113,0.118
5114,0.196
5115,0.148
5116,0.244
5117,0.162
5118,0.372
5119,0.226
5120,0.028
5121,0.16
5122,0.124
5123,0.226
5124,0.03
5125,0.116
5126,0.066
5127,0.16
5128,0.148
5129,0.176
5130,0.086
5131,0.546
5132,0.024
5133,0.086
5134,0.086
5135,0.054
5136,0.124
5137,0.152
5138,0.214
5139,0.11
5140,0.11
5141,0.84
5142,0.11
5143,0.048
5144,0.138
5145,0.002
5146,0.786
5147,0.07
5148,0.176
5149,0.06
5150,0.794
5151,0.36
5152,0.524
5153,0.228
5154,0.518
5155,0.256
5156,0.1
5157,0.7
5158,0.192
5159,0.082
5160,0.16
5161,0.042
5162,0.13
5163,0.058
5164,0.152
5165,0.286
5166,0.06
5167,0.202
5168,0.088
5169,0.436
5170,0.148
5171,0.072
5172,0.15
5173,0.094
5174,0.796
5175,0.042
5176,0.4
5177,0.24
5178,0.06
5179,0.026
5180,0.742
5181,0.136
5182,0.202
5183,0.22
5184,0.068
5185,0.166
5186,0.046
5187,0.18
5188,0.136
5189,0.11
5190,0.284
5191,0.102
5192,0.118
5193,0.656
5194,0.25
5195,0.204
5196,0.158
5197,0.284
5198,0.264
5199,0.498
5200,0.278
5201,0.036
5202,0.408
5203,0.116
5204,0.046
5205,0.184
5206,0.176
5207,0.042
5208,0.11
5209,0.168
5210,0.682
5211,0.16
5212,0.596
5213,0.36
5214,0.148
5215,0.096
5216,0.854
5217,0.224
5218,0.082
5219,0.852
5220,0.056
5221,0.096
5222,0.06
5223,0.424
5224,0.552
5225,0.508
5226,0.126
5227,0.18
5228,0.2
5229,0.238
5230,0.09
5231,0.268
5232,0.062
5233,0.562
5234,0.13
5235,0.258
5236,0.268
5237,0.188
5238,0.102
5239,0.186
5240,0.314
5241,0.08
5242,0.514
5243,0.318
5244,0.636
5245,0.13
5246,0.158
5247,0.268
5248,0.864
5249,0.522
5250,0.226
5251,0.102
5252,0.77
5253,0.432
5254,0.038
5255,0.118
5256,0.206
5257,0.08
5258,0.666
5259,0.28
5260,0.818
5261,0.796
5262,0.21
5263,0.11
5264,0.214
5265,0.174
5266,0.142
5267,0.112
5268,0.298
5269,0.16
5270,0.162
5271,0.034
5272,0.552
5273,0.292
5274,0.632
5275,0.018
5276,0.498
5277,0.074
5278,0.084
5279,0.342
5280,0.594
5281,0.1
5282,0.242
5283,0.02
5284,0.038
5285,0.188
5286,0.294
5287,0.076
5288,0.084
5289,0.142
5290,0.078
5291,0.154
5292,0.262
5293,0.208
5294,0.692
5295,0.294
5296,0.206
5297,0.202
5298,0.884
5299,0.084
5300,0.076
5301,0.31
5302,0.21
5303,0.164
5304,0.182
5305,0.068
5306,0.162
5307,0.136
5308,0.138
5309,0.068
5310,0.262
5311,0.096
5312,0.536
5313,0.078
5314,0.016
5315,0.082
5316,0.17
5317,0.032
5318,0.146
5319,0.104
5320,0.098
5321,0.122
5322,0.114
5323,0.63
5324,0.122
5325,0.154
5326,0.044
5327,0.262
5328,0.042
5329,0.256
5330,0.046
5331,0.474
5332,0.118
5333,0.284
5334,0.01
5335,0.33
5336,0.106
5337,0.022
5338,0.104
5339,0.14
5340,0.098
5341,0.216
5342,0.024
5343,0.26
5344,0.582
5345,0.112
5346,0.042
5347,0.244
5348,0.114
5349,0.12
5350,0.084
5351,0.166
5352,0.12
5353,0.158
5354,0.172
5355,0.426
5356,0.706
5357,0.26
5358,0.094
5359,0.038
5360,0.056
5361,0.142
5362,0.138
5363,0.102
5364,0.21
5365,0.19
5366,0.052
5367,0.008
5368,0.216
5369,0.038
5370,0.108
5371,0.104
5372,0.044
5373,0.24
5374,0.352
5375,0.36
5376,0.6
5377,0.224
5378,0.148
5379,0.304
5380,0.07
5381,0.058
5382,0.024
5383,0.098
5384,0.022
5385,0.224
5386,0.088
5387,0.016
5388,0.256
5389,0.09
5390,0.086
5391,0.13
5392,0.102
5393,0.538
5394,0.044
5395,0.292
5396,0.044
5397,0.122
5398,0.116
5399,0.246
5400,0.082
5401,0.11
5402,0.282
5403,0.076
5404,0.268
5405,0.05
5406,0.062
5407,0.176
5408,0.086
5409,0.158
5410,0.022
5411,0.47
5412,0.074
5413,0.096
5414,0.062
5415,0.206
5416,0.04
5417,0.61
5418,0.308
5419,0.616
5420,0.07
5421,0.558
5422,0.112
5423,0.168
5424,0.11
5425,0.126
5426,0.48
5427,0.136
5428,0.042
5429,0.028
5430,0.2
5431,0.126
5432,0.15
5433,0.106
5434,0.188
5435,0.548
5436,0.328
5437,0.174
5438,0.002
5439,0.128
5440,0.408
5441,0.134
5442,0.736
5443,0.174
5444,0.102
5445,0.274
5446,0.048
5447,0.044
5448,0.016
5449,0.21
5450,0.134
5451,0.194
5452,0.738
5453,0.208
5454,0.88
5455,0.038
5456,0.59
5457,0.482
5458,0.16
5459,0.3
5460,0.712
5461,0.13
5462,0.258
5463,0.234
5464,0.706
5465,0.154
5466,0.17
5467,0.114
5468,0.082
5469,0.622
5470,0.398
5471,0.138
5472,0.628
5473,0.51
5474,0.204
5475,0.496
5476,0.15
5477,0.022
5478,0.652
5479,0.452
5480,0.608
5481,0.138
5482,0.13
5483,0.158
5484,0.152
5485,0.208
5486,0.208
5487,0.026
5488,0.166
5489,0.144
5490,0
5491,0.096
5492,0.448
5493,0.352
5494,0.27
5495,0.128
5496,0.238
5497,0.088
5498,0.094
5499,0.058
5500,0.372
5501,0.576
5502,0.184
5503,0.42
5504,0.226
5505,0.206
5506,0.368
5507,0.15
5508,0.524
5509,0.154
5510,0.118
5511,0.192
5512,0.834
5513,0.816
5514,0.144
5515,0.106
5516,0.12
5517,0.07
5518,0.432
5519,0.036
5520,0.22
5521,0.296
5522,0.09
5523,0.086
5524,0.008
5525,0.71
5526,0.126
5527,0.066
5528,0.678
5529,0.826
5530,0.35
5531,0.08
5532,0.07
5533,0.216
5534,0.232
5535,0.088
5536,0.212
5537,0.12
5538,0.33
5539,0.276
5540,0.076
5541,0.466
5542,0.292
5543,0.154
5544,0.196
5545,0.084
5546,0.12
5547,0.12
5548,0.118
5549,0.044
5550,0.128
5551,0.094
5552,0.314
5553,0.314
5554,0.28
5555,0.018
5556,0.016
5557,0.166
5558,0.16
5559,0.118
5560,0.352
5561,0.164
5562,0.14
5563,0.094
5564,0.146
5565,0.022
5566,0.072
5567,0.322
5568,0.432
5569,0.094
5570,0.756
5571,0.072
5572,0.726
5573,0.166
5574,0.124
5575,0.142
5576,0.026
5577,0.102
5578,0.144
5579,0.164
5580,0.154
5581,0.102
5582,0.074
5583,0.164
5584,0.146
5585,0.206
5586,0.462
5587,0.138
5588,0.162
5589,0.122
5590,0.05
5591,0.378
5592,0.102
5593,0.952
5594,0.034
5595,0.204
5596,0.046
5597,0.118
5598,0.022
5599,0.494
5600,0.02
5601,0.112
5602,0.178
5603,0.31
5604,0.2
5605,0.244
5606,0.064
5607,0.136
5608,0.252
5609,0.104
5610,0.09
5611,0.642
5612,0.632
5613,0.84
5614,0.8
5615,0.766
5616,0.672
5617,0.686
5618,0.156
5619,0.056
5620,0.34
5621,0.228
5622,0.256
5623,0.484
5624,0.146
5625,0.066
5626,0.228
5627,0.682
5628,0.682
5629,0.27
5630,0.69
5631,0.104
5632,0.062
5633,0.198
5634,0.116
5635,0.256
5636,0.088
5637,0.01
5638,0.206
5639,0.016
5640,0.524
5641,0.088
5642,0.128
5643,0.554
5644,0.208
5645,0.186
5646,0.128
5647,0.84
5648,0.116
5649,0.104
5650,0.076
5651,0.056
5652,0.064
5653,0.668
5654,0.048
5655,0.208
5656,0.098
5657,0.144
5658,0.048
5659,0.262
5660,0.774
5661,0.532
5662,0.194
5663,0.104
5664,0.682
5665,0.088
5666,0.066
5667,0.036
5668,0.108
5669,0.076
5670,0.162
5671,0.138
5672,0.416
5673,0.122
5674,0.066
5675,0.358
5676,0.11
5677,0.172
5678,0.344
5679,0.098
5680,0.112
5681,0.094
5682,0.24
5683,0.55
5684,0.114
5685,0.754
5686,0.184
5687,0.49
5688,0.032
5689,0.038
5690,0.67
5691,0.194
5692,0.096
5693,0.85
5694,0.28
5695,0.448
5696,0.458
5697,0.032
5698,0.062
5699,0.228
5700,0.022
5701,0.208
5702,0.36
5703,0.052
5704,0.032
5705,0.162
5706,0.524
5707,0.196
5708,0.058
5709,0.032
5710,0.172
5711,0.088
5712,0.362
5713,0.656
5714,0.698
5715,0.154
5716,0.434
5717,0.244
5718,0.08
5719,0.096
5720,0.02
5721,0.142
5722,0.216
5723,0.138
5724,0.098
5725,0.146
5726,0.054
5727,0.056
5728,0.1
5729,0.256
5730,0.072
5731,0.034
5732,0.15
5733,0.112
5734,0.556
5735,0.086
5736,0.026
5737,0.136
5738,0.724
5739,0.084
5740,0.18
5741,0.742
5742,0.078
5743,0.48
5744,0.054
5745,0.146
5746,0.45
5747,0.094
5748,0.52
5749,0.218
5750,0.168
5751,0.654
5752,0.214
5753,0.16
5754,0.124
5755,0.396
5756,0.034
5757,0.186
5758,0.298
5759,0.114
5760,0.082
5761,0.498
5762,0.098
5763,0.072
5764,0.252
5765,0.144
5766,0.152
5767,0.084
5768,0.214
5769,0.57
5770,0.122
5771,0.182
5772,0.228
5773,0.046
5774,0.526
5775,0.114
5776,0.158
5777,0.182
5778,0.034
5779,0.534
5780,0.024
5781,0.288
5782,0.092
5783,0.05
5784,0.136
5785,0.268
5786,0.096
5787,0.53
5788,0.31
5789,0.028
5790,0.196
5791,0.286
5792,0.124
5793,0.168
5794,0.242
5795,0.206
5796,0.264
5797,0.06
5798,0.158
5799,0.382
5800,0.474
5801,0.06
5802,0.52
5803,0.098
5804,0.174
5805,0.048
5806,0.074
5807,0.178
5808,0.214
5809,0.136
5810,0.134
5811,0.744
5812,0.242
5813,0.146
5814,0.162
5815,0.006
5816,0.094
5817,0.016
5818,0.124
5819,0.026
5820,0.19
5821,0.39
5822,0.032
5823,0.202
5824,0.648
5825,0.246
5826,0.304
5827,0.072
5828,0.204
5829,0.086
5830,0.066
5831,0.44
5832,0.054
5833,0.082
5834,0.11
5835,0.812
5836,0.15
5837,0.036
5838,0.246
5839,0.066
5840,0.228
5841,0.006
5842,0.254
5843,0.96
5844,0.066
5845,0.608
5846,0.22
5847,0.742
5848,0.032
5849,0.172
5850,0.636
5851,0.308
5852,0.244
5853,0.222
5854,0.042
5855,0.076
5856,0.19
5857,0.216
5858,0.41
5859,0.032
5860,0.538
5861,0.168
5862,0.44
5863,0.022
5864,0.196
5865,0.31
5866,0.15
5867,0.174
5868,0.068
5869,0.088
5870,0.756
5871,0.144
5872,0.676
5873,0.538
5874,0.13
5875,0.536
5876,0.156
5877,0.074
5878,0.152
5879,0.106
5880,0.156
5881,0.076
5882,0.056
5883,0.156
5884,0.14
5885,0.37
5886,0.072
5887,0.068
5888,0.238
5889,0.432
5890,0.814
5891,0.12
5892,0.692
5893,0.236
5894,0.14
5895,0.06
5896,0.06
5897,0.088
5898,0.652
5899,0.12
5900,0.046
5901,0.086
5902,0.384
5903,0.314
5904,0.258
5905,0.146
5906,0.076
5907,0.696
5908,0.108
5909,0.19
5910,0.064
5911,0.114
5912,0.186
5913,0.7
5914,0.022
5915,0.232
5916,0.092
5917,0.276
5918,0.152
5919,0.08
5920,0.022
5921,0.108
5922,0.296
5923,0.008
5924,0.05
5925,0.718
5926,0.26
5927,0.236
5928,0.042
5929,0.268
5930,0.236
5931,0.326
5932,0.08
5933,0.948
5934,0.12
5935,0.186
5936,0.176
5937,0.182
5938,0.374
5939,0.674
5940,0.152
5941,0.83
5942,0.12
5943,0.204
5944,0.3
5945,0.04
5946,0.726
5947,0.816
5948,0.046
5949,0.132
5950,0.714
5951,0.082
5952,0.072
5953,0.182
5954,0.03
5955,0.664
5956,0.218
5957,0.698
5958,0.052
5959,0.064
5960,0.172
5961,0.176
5962,0.224
5963,0.62
5964,0.056
5965,0.228
5966,0.286
5967,0.272
5968,0.488
5969,0.176
5970,0.052
5971,0.44
5972,0.062
5973,0.698
5974,0.054
5975,0.144
5976,0.626
5977,0.33
5978,0.24
5979,0.072
5980,0.636
5981,0.64
5982,0.252
5983,0.302
5984,0.206
5985,0.114
5986,0.176
5987,0.142
5988,0.134
5989,0.202
5990,0.696
5991,0.018
5992,0.41
5993,0.188
5994,0.364
5995,0.138
5996,0.158
5997,0.584
5998,0.034
5999,0.134
6000,0.026
6001,0.094
